PE1,PE2,PE3,PE4,EE1,EE2,EE3,EE4,AT1,AT2,AT3,AT4,SI1,SI2,SI3,SI4,FC1,FC2,FC3,FC4,SE1,SE2,SE3,SE4,AX1,AX2,AX3,AX4,T1,T2,T3,T4,BI1,BI2,BI3,BI4,Gender
1,1,1,1,2,2,2,2,3,3,3,2,2,2,3,2,1,1,2,1,1,3,3,3,2,3,3,2,1,0,1,2,2,2,2,2,Female
0,0,0,0,0,0,0,0,2,2,2,2,0,0,2,2,0,0,2,0,0,0,0,0,4,4,3,3,1,1,1,1,1,1,1,1,Female
3,4,3,4,2,1,1,1,3,3,3,3,2,2,1,2,2,1,1,2,1,2,2,3,2,3,3,2,2,2,2,3,2,3,3,3,Female
2,2,3,3,2,3,2,3,4,3,3,3,1,2,1,2,1,2,2,2,3,3,3,2,4,3,3,3,2,3,3,3,3,4,3,3,Female
3,2,2,2,3,2,2,2,2,2,2,2,2,2,3,2,2,2,2,2,1,2,2,2,3,3,2,3,2,2,2,2,2,2,2,2,Male
4,4,4,4,4,4,4,4,4,4,4,4,2,2,2,0,0,4,0,4,4,4,4,4,0,0,0,0,4,4,4,4,4,4,4,4,Male
0,0,0,0,0,0,0,0,0,0,0,0,0,0,0,0,0,0,0,0,0,0,0,0,4,4,4,4,0,0,0,0,0,0,0,0,Male
0,0,0,0,0,0,0,0,0,0,0,0,1,1,1,1,0,0,0,0,0,0,0,0,4,4,4,4,0,0,0,4,0,0,0,0,Male
0,1,0,0,1,0,0,0,3,3,2,1,0,0,0,0,1,1,1,1,1,0,0,1,0,2,2,1,1,1,1,1,2,1,1,1,Male
4,4,4,4,4,4,4,4,4,4,4,4,4,4,4,4,4,4,4,4,4,4,4,4,4,4,4,4,4,4,4,4,4,4,4,4,Male
3,2,3,3,2,2,1,1,3,3,3,2,2,3,3,2,2,1,2,3,1,3,3,3,3,4,3,3,2,2,2,2,3,3,3,3,Female
1,1,1,2,0,0,0,0,0,1,0,1,1,2,2,1,2,1,1,2,0,0,0,0,0,0,0,1,0,0,0,0,0,1,0,0,Female
2,2,2,2,2,2,2,2,2,2,2,2,2,2,2,2,2,2,2,2,2,2,2,2,2,2,2,2,2,2,2,2,2,2,2,2,Female
2,2,2,2,2,2,2,2,2,2,2,3,0,1,0,1,0,1,1,1,0,0,0,0,2,2,2,2,2,2,2,2,3,1,2,2,Female
0,0,0,0,0,0,0,0,0,0,0,0,0,0,0,0,0,0,0,0,0,0,0,0,4,4,4,4,0,0,0,0,0,0,0,0,Male
2,3,2,2,2,2,3,2,1,3,2,2,3,2,2,1,2,2,3,2,1,2,3,2,2,2,2,2,2,2,2,2,1,1,2,2,Female
1,1,1,2,1,1,1,2,2,2,2,1,3,1,2,2,1,1,2,2,1,1,1,1,2,3,3,2,1,1,1,3,2,2,2,2,Male
2,2,2,2,2,2,2,2,2,2,2,2,2,2,2,2,2,2,2,2,2,2,2,2,2,2,2,2,2,2,2,2,2,2,2,2,Male
3,2,2,2,2,2,2,2,2,2,2,2,2,2,2,2,2,2,2,2,2,2,2,2,2,2,2,2,2,2,2,2,2,2,2,2,Female
3,3,3,3,3,2,2,2,3,3,2,2,3,2,3,3,2,2,2,2,3,2,1,1,2,4,4,2,1,1,2,3,2,3,3,3,Male
1,1,0,0,0,0,0,0,0,0,0,1,0,0,0,0,0,0,0,0,0,0,0,0,0,0,0,0,0,0,0,0,0,0,0,0,Male
4,4,4,4,4,4,4,4,4,4,4,4,4,4,4,4,4,3,2,2,3,3,4,4,4,2,2,2,2,2,4,3,2,2,3,4,Female
4,4,3,3,2,2,2,2,4,4,2,2,2,2,3,3,3,2,2,3,3,3,3,3,2,2,3,2,2,2,2,2,4,4,4,4,Female
2,2,2,2,1,1,2,2,2,2,2,2,2,1,3,2,2,2,2,2,2,1,1,2,2,2,2,2,1,1,1,1,2,2,2,2,Male
1,1,1,1,1,1,1,1,1,1,1,1,3,3,3,3,3,3,3,3,3,3,2,3,3,2,3,2,3,2,3,3,3,3,3,3,Female
3,3,3,3,2,2,2,2,3,2,2,2,1,1,3,2,1,1,2,3,3,2,3,3,3,4,2,2,3,3,3,3,2,2,3,4,Male
3,4,4,4,4,4,4,4,4,4,4,4,4,4,4,4,2,3,3,4,1,2,2,2,4,0,0,0,4,4,4,4,4,4,4,4,Male
4,4,4,4,4,4,4,4,4,4,4,4,4,4,4,4,3,4,2,2,2,2,3,3,3,3,2,0,4,4,3,4,4,4,4,4,Male
4,4,4,4,4,4,4,4,4,4,4,4,4,4,4,4,4,4,4,4,3,3,3,3,3,4,4,4,4,4,4,4,4,4,4,4,Female
3,4,4,4,3,3,3,4,4,3,3,3,2,3,3,3,4,4,3,3,2,2,3,3,3,2,2,3,3,3,3,2,3,3,3,3,Female
0,0,0,0,0,0,0,0,0,0,0,0,0,0,0,0,0,0,0,0,0,0,0,0,3,3,3,3,0,0,0,0,0,0,0,0,Male
3,3,3,3,3,3,4,4,4,4,3,2,2,2,2,2,2,1,3,2,2,3,3,3,4,4,3,4,2,2,4,2,3,2,4,4,Male
0,2,2,2,2,2,3,3,3,3,2,2,2,2,2,2,0,1,1,2,3,3,3,3,3,4,4,4,1,1,1,2,2,3,3,2,Male
1,1,1,2,1,2,1,1,1,1,2,2,2,2,3,3,2,2,3,3,2,2,1,2,2,2,2,2,2,2,2,2,1,1,2,2,Male
3,3,3,2,2,2,3,3,2,2,2,3,2,2,2,2,2,2,2,2,2,2,2,2,1,1,1,1,1,1,2,3,2,2,2,2,Male
3,3,3,1,3,2,3,2,3,2,2,3,3,1,3,2,1,2,2,2,2,3,3,3,3,3,2,1,3,2,2,3,3,3,3,3,Male
3,3,3,2,3,2,3,2,3,2,2,2,2,3,2,3,3,3,3,3,3,3,3,3,3,2,2,2,3,2,2,2,3,3,3,3,Male
3,3,3,3,2,3,3,2,3,3,3,3,3,3,3,3,2,2,3,2,3,3,3,3,1,1,1,1,3,3,3,3,3,3,3,3,Male
2,2,2,2,1,1,1,1,2,2,1,1,2,2,2,2,1,1,1,1,1,1,1,1,0,0,1,0,1,1,1,1,2,2,2,2,Female
3,3,3,2,4,2,4,4,3,2,3,4,4,4,4,4,4,4,4,4,3,1,2,2,4,2,4,3,4,3,3,3,3,2,3,4,Male
2,2,2,2,1,1,1,1,2,3,2,1,3,3,2,1,1,1,1,2,1,2,1,2,1,1,1,1,1,1,1,2,2,2,1,2,Female
1,0,0,1,1,0,1,0,1,1,0,2,2,1,4,1,1,0,2,1,1,2,3,3,0,3,4,4,1,0,2,4,3,3,3,3,Male
4,4,4,4,4,4,4,4,4,4,4,4,4,4,4,4,4,4,4,4,4,4,4,4,4,4,4,4,4,4,4,4,4,4,4,4,Male
2,2,2,2,2,2,2,2,2,2,2,2,2,2,2,2,2,2,2,2,2,2,2,2,2,2,2,2,2,2,2,2,2,2,2,2,Male
2,2,2,2,2,2,2,2,3,3,2,3,2,2,2,2,2,2,2,2,2,2,2,2,2,2,2,2,2,2,2,2,3,3,3,3,Male
2,2,2,2,2,2,2,2,2,2,2,2,2,2,2,2,2,2,2,2,2,2,2,2,2,2,2,2,2,2,2,2,2,2,2,2,Male
0,0,0,0,0,0,0,0,0,0,0,0,0,0,0,0,0,0,0,0,0,0,0,0,0,0,0,0,0,0,0,0,0,0,0,0,Male
1,2,2,2,2,2,2,2,2,1,1,2,1,1,3,1,1,1,2,2,3,3,3,3,3,4,4,3,2,2,2,2,1,1,1,1,Male
4,4,4,4,3,4,4,4,4,4,4,4,4,4,4,4,1,2,2,2,4,4,4,4,0,0,0,0,4,4,4,4,4,4,4,4,Female
2,2,2,2,2,2,2,2,2,2,2,2,2,2,2,2,2,2,2,2,2,2,2,2,2,2,2,2,2,2,2,2,2,2,2,2,Male
2,2,2,2,2,2,2,2,2,3,2,2,3,3,3,3,3,3,3,3,3,3,3,3,2,2,2,3,3,3,3,3,2,2,3,2,Male
3,3,3,3,2,2,2,3,2,2,2,2,2,2,3,2,2,2,2,2,2,2,2,2,2,2,2,2,2,2,2,2,2,2,2,3,Female
3,3,3,3,2,2,2,2,2,2,2,2,2,2,2,2,2,2,2,2,2,2,2,2,2,2,2,2,2,2,2,2,2,2,2,2,Female
3,3,3,3,3,1,1,1,4,3,3,3,3,3,3,3,2,2,0,1,2,2,3,3,3,3,4,2,1,1,1,2,2,2,2,2,Male
2,2,2,2,2,2,2,2,2,2,2,2,2,2,2,2,0,0,2,1,1,1,1,1,3,3,4,2,1,1,2,2,1,1,1,1,Female
2,2,1,1,2,1,2,1,2,1,1,2,3,1,2,2,2,1,2,3,1,3,2,3,2,4,4,3,1,2,2,4,2,1,2,2,Female
3,3,2,1,3,2,3,2,3,2,2,3,3,3,1,2,3,3,2,2,3,2,3,3,3,2,1,1,3,2,2,3,3,4,3,3,Male
3,3,2,1,3,3,2,2,3,2,2,3,3,3,2,2,2,3,3,3,2,3,2,3,3,2,2,1,3,2,2,3,4,4,3,3,Male
3,2,1,1,3,2,3,2,3,2,1,3,1,2,1,2,3,3,2,2,2,3,2,3,2,2,2,2,3,2,2,3,3,3,2,2,Female
0,0,1,2,2,3,3,3,3,3,3,3,1,1,1,1,2,2,2,2,3,3,3,3,2,2,1,1,3,3,2,2,2,2,2,2,Female
3,2,1,1,3,2,2,2,3,2,1,2,2,2,1,2,3,3,2,2,3,3,3,3,3,3,2,2,3,2,2,2,3,3,2,2,Female
2,2,2,2,2,2,2,2,2,2,2,2,2,2,2,2,2,2,2,2,2,2,2,2,2,2,2,2,2,2,2,2,2,2,2,2,Female
2,3,1,2,2,3,3,3,3,2,1,2,3,2,1,2,3,3,2,3,3,4,3,3,3,2,3,1,3,2,2,3,3,3,3,3,Male
2,1,1,1,2,2,2,1,3,3,1,1,2,1,1,2,2,2,1,3,2,3,2,3,2,3,3,2,2,1,1,3,2,2,2,2,Male
2,2,1,1,2,1,1,1,2,2,1,1,2,3,1,3,1,1,1,3,1,3,1,3,2,3,3,3,1,2,1,2,2,2,1,1,Male
2,2,1,1,2,1,1,1,2,2,1,2,2,2,1,3,1,1,1,3,1,3,1,3,2,3,3,3,1,1,1,2,2,2,2,2,Female
3,3,2,3,3,3,3,3,3,3,2,3,3,3,2,3,3,3,3,3,3,3,3,3,3,2,2,1,3,3,3,3,3,3,3,3,Female
2,2,2,2,2,1,2,1,2,3,2,2,2,3,2,3,2,1,1,1,2,3,1,3,1,3,3,3,2,1,2,3,2,2,2,2,Female
3,2,2,3,3,2,3,1,3,2,2,3,3,3,3,3,3,3,2,3,2,3,3,3,2,3,2,2,3,3,2,3,3,3,3,3,Male
2,2,2,2,2,2,2,2,2,3,1,2,2,2,2,1,2,1,1,3,1,3,2,3,2,3,3,3,1,1,1,3,2,2,2,2,Female
3,3,2,3,3,3,3,3,3,3,2,3,2,3,3,3,3,3,3,3,3,3,2,3,2,2,2,1,3,3,3,3,3,3,3,3,Male
3,2,2,2,3,2,2,2,2,2,2,2,2,3,2,2,3,2,2,3,2,3,2,3,2,3,3,2,3,3,3,3,3,3,3,3,Female
2,2,1,2,2,1,2,1,2,2,1,2,2,2,2,2,2,2,2,2,1,2,1,2,1,3,4,3,1,1,2,3,2,2,2,2,Female
2,2,2,2,2,2,2,2,2,2,2,2,1,2,2,2,2,2,1,2,2,3,2,3,2,3,3,2,2,2,2,2,2,2,2,2,Female
3,2,2,3,3,2,2,2,3,3,2,2,2,2,2,3,3,3,2,3,2,2,2,3,2,2,2,2,3,3,2,3,3,3,3,3,Male
2,2,2,2,2,2,2,2,3,2,1,2,2,2,2,3,2,2,2,2,2,2,2,2,2,2,2,2,2,2,2,2,2,3,2,2,Female
3,3,2,3,3,2,3,2,3,3,3,3,3,3,3,3,3,3,3,3,3,3,3,3,2,2,2,1,3,3,3,3,3,3,3,3,Male
3,3,2,3,3,3,3,3,3,3,3,3,2,2,3,3,3,3,3,3,3,3,3,3,2,2,2,1,3,3,3,3,3,3,3,3,Male
2,3,3,3,2,1,1,2,2,3,3,2,0,0,1,1,1,2,2,2,4,3,2,2,2,4,3,4,3,4,2,3,3,4,4,4,Female
1,1,1,2,1,1,1,1,3,3,3,2,0,1,3,0,1,2,1,3,1,1,1,1,3,4,3,2,0,1,1,1,2,2,2,2,Female
3,2,3,2,3,3,2,2,4,3,3,3,2,1,3,2,3,2,1,2,3,3,3,3,3,4,2,1,2,2,2,4,2,3,3,1,Male
3,3,2,2,1,1,2,2,3,3,2,2,1,1,2,2,1,0,2,3,0,2,3,3,1,3,3,2,2,3,2,4,2,1,3,3,Female
1,2,2,2,2,1,1,2,3,2,3,3,3,3,4,2,1,2,0,2,2,3,3,2,1,2,3,2,2,1,3,2,2,1,1,1,Female
2,2,2,2,2,2,2,2,2,2,1,2,1,1,2,2,2,2,2,2,2,2,2,2,2,3,3,2,2,2,2,2,2,2,2,2,Male
2,1,2,1,3,3,1,2,2,2,2,2,0,1,1,0,4,4,2,2,2,3,3,4,3,0,2,1,2,2,1,2,1,2,2,2,Male
3,3,2,3,3,2,2,3,3,3,2,3,2,2,3,3,3,3,3,3,3,3,3,3,2,2,2,1,3,3,3,3,3,3,3,3,Male
3,3,3,3,3,3,3,3,3,3,3,3,2,2,3,3,3,3,3,3,3,3,3,3,2,2,2,1,3,3,3,3,3,3,3,3,Male
3,3,2,3,3,3,3,3,3,3,3,3,2,2,3,3,3,3,3,3,3,3,3,3,2,2,2,1,3,3,3,3,3,3,3,3,Male
3,3,2,3,3,3,3,3,3,3,2,3,2,2,3,3,3,3,3,4,3,4,3,4,2,1,2,1,3,3,3,3,4,4,3,3,Male
3,2,2,3,3,2,2,2,3,3,2,3,2,3,3,3,3,3,3,3,2,3,3,4,2,2,2,2,3,3,3,3,3,3,3,3,Female
3,3,2,3,3,2,2,3,3,3,2,3,2,2,3,3,3,3,3,3,2,3,3,3,2,2,2,2,3,3,3,3,3,3,3,3,Female
1,1,2,2,2,3,2,3,3,2,2,2,2,3,4,2,2,2,3,4,1,3,3,2,3,4,4,4,2,2,3,4,1,1,1,2,Male
3,3,3,3,3,3,3,3,3,3,3,3,2,3,3,3,3,3,3,3,3,3,3,3,1,2,2,1,3,3,3,3,3,3,3,3,Male
3,2,3,3,4,2,3,3,3,3,3,3,3,0,0,1,1,3,2,1,3,4,4,4,1,3,2,1,3,3,3,3,3,3,2,2,Male
2,2,2,2,2,2,2,2,2,2,2,2,2,2,2,2,2,2,2,2,2,2,2,2,2,3,3,3,2,2,2,2,2,2,2,2,Female
3,3,2,3,3,3,3,3,3,3,2,3,2,3,3,3,3,3,2,3,2,3,3,3,2,2,2,2,3,3,3,3,3,3,3,3,Female
2,2,1,2,2,2,2,2,2,2,1,1,1,1,2,1,2,1,1,2,1,2,2,2,2,3,3,3,2,2,2,2,2,2,2,2,Female
3,3,2,3,3,3,3,3,3,3,2,3,2,3,3,3,3,3,3,3,3,3,2,3,2,2,3,1,3,3,3,3,3,3,3,3,Female
3,3,2,3,3,2,3,3,3,3,2,3,3,3,3,3,3,3,3,3,3,3,3,3,1,2,2,1,3,3,2,3,3,3,3,3,Male
2,2,2,2,2,2,2,2,2,2,1,2,2,3,2,2,2,2,2,2,2,2,2,2,2,2,2,2,2,2,2,2,2,2,2,2,Male
2,2,1,1,1,1,1,1,3,2,1,1,1,1,1,1,3,2,3,3,3,3,3,3,2,3,3,2,3,3,3,2,2,2,2,2,Male
0,0,0,0,0,0,0,0,0,0,0,0,0,0,0,0,0,0,0,0,0,0,0,0,0,0,0,0,0,0,0,0,0,0,0,0,Female
2,2,2,2,2,1,1,1,2,2,2,2,3,2,3,3,2,1,2,2,1,1,1,1,2,3,3,3,1,1,2,2,1,1,1,1,Male
0,0,0,0,0,0,0,0,0,0,0,0,0,0,0,0,0,0,0,0,0,2,2,2,4,4,4,4,0,0,0,4,0,0,0,0,Female
3,2,2,2,2,2,2,3,3,2,3,2,2,2,3,2,3,2,2,2,2,2,2,2,1,1,1,1,2,2,3,2,3,4,2,2,Male
2,2,3,3,2,2,2,3,3,3,3,3,3,3,3,3,3,3,3,3,3,3,3,3,3,3,3,3,3,3,3,3,3,3,3,3,Male
3,2,2,3,3,3,3,3,2,2,2,2,1,1,4,2,4,3,3,1,3,4,4,4,2,0,1,1,3,3,2,4,3,3,3,3,Male
1,2,2,3,2,3,2,3,2,3,2,2,2,2,2,4,4,4,4,3,2,3,2,3,1,4,3,1,3,1,3,2,3,1,2,3,Male
2,2,2,2,2,2,2,2,2,2,1,2,2,2,2,2,2,2,2,2,2,2,2,3,2,3,3,2,2,2,2,2,2,2,2,2,Female
3,3,2,3,3,2,3,2,3,3,2,3,2,3,3,3,3,3,2,3,2,3,2,3,2,2,2,1,3,3,3,3,3,3,3,3,Male
3,4,0,2,4,0,3,4,4,0,4,4,4,4,2,2,2,4,3,1,1,3,2,2,2,2,3,2,2,1,3,1,2,4,0,3,Male
4,4,4,4,4,4,4,4,4,4,4,4,4,4,4,4,4,4,4,4,4,4,4,4,4,4,4,4,4,4,4,4,4,4,4,4,Male
1,2,2,3,2,3,2,3,2,3,2,2,2,2,2,4,4,4,4,3,2,3,2,3,1,4,3,1,3,1,3,2,3,1,2,3,Male
2,2,2,2,1,1,2,2,2,2,2,2,3,3,3,2,1,1,2,4,2,2,2,2,2,2,2,2,2,2,2,2,3,3,2,2,Female
2,3,3,2,1,3,3,2,3,3,3,2,2,2,3,1,1,2,1,2,1,3,2,3,2,2,2,2,2,3,1,3,2,3,3,3,Female
2,3,3,3,2,2,3,3,3,3,3,2,2,2,2,2,1,2,1,2,2,2,3,3,2,3,3,2,2,2,3,2,2,2,2,3,Female
2,1,2,2,1,1,1,1,2,3,2,2,3,2,3,2,1,2,2,2,1,2,2,2,2,2,2,2,2,2,3,2,1,2,2,2,Female
3,3,2,3,3,2,3,2,3,3,3,3,2,2,3,3,3,3,3,3,2,3,2,3,2,2,2,1,3,3,2,3,3,3,3,3,Male
4,3,2,3,3,3,3,4,4,3,4,4,4,3,4,4,3,3,4,3,4,3,3,3,3,2,1,1,4,4,3,4,3,3,3,3,Male
2,2,2,2,2,2,2,2,2,2,2,2,2,2,2,2,2,2,2,2,2,2,2,2,2,2,2,2,2,2,2,2,2,2,2,2,Female
2,3,2,2,2,2,2,2,2,2,2,2,2,2,2,2,2,2,2,2,2,2,2,2,2,2,2,2,2,2,2,2,2,2,2,2,Male
3,3,2,3,3,3,2,3,3,3,3,3,2,1,2,3,3,3,3,2,3,3,3,3,2,3,2,3,3,3,3,3,2,2,3,3,Female
3,2,2,4,4,4,4,4,4,4,4,4,2,0,4,4,1,4,1,0,2,1,4,4,3,0,0,0,4,4,4,4,4,2,4,4,Male
1,1,1,1,1,2,2,2,2,2,2,2,1,1,2,2,1,1,2,1,1,2,2,2,2,3,3,2,1,1,2,2,1,1,1,1,Female
4,2,3,4,4,3,4,4,4,4,4,4,4,4,4,2,4,4,2,4,3,4,4,4,2,3,3,1,3,1,2,3,4,4,4,4,Female
2,2,2,2,2,2,2,2,2,2,2,2,2,2,2,2,2,2,2,2,2,2,2,2,2,2,2,2,2,2,2,2,2,2,2,2,Female
2,2,2,2,0,0,1,0,0,0,0,0,0,0,1,2,0,0,2,0,0,2,0,2,4,4,4,4,0,0,0,0,0,0,0,0,Female
2,2,2,2,2,2,2,2,2,2,2,2,2,2,2,2,2,2,2,2,2,2,2,2,2,2,2,2,3,2,2,2,3,3,3,3,Female
3,3,3,3,3,3,3,3,3,3,2,3,2,3,3,3,3,3,3,3,3,3,3,3,2,2,2,1,3,3,3,3,3,3,3,3,Male
3,3,3,3,3,3,3,3,3,3,3,3,2,2,2,3,3,3,3,3,3,3,3,3,2,2,2,1,3,3,3,3,3,3,3,3,Male
3,3,3,3,3,3,3,3,3,3,2,3,2,3,3,3,3,3,3,3,3,3,3,3,2,2,2,1,3,3,3,3,3,3,3,3,Male
3,3,2,3,3,3,3,3,3,2,2,3,2,2,3,3,3,3,3,3,3,3,3,3,2,2,2,1,3,3,3,3,3,3,3,3,Male
2,3,3,3,2,3,1,3,3,3,3,2,1,2,2,2,1,1,3,2,1,1,1,1,2,1,1,2,1,1,1,2,2,3,3,2,Female
2,2,2,2,2,2,2,2,2,3,3,2,3,3,2,3,3,3,2,2,2,2,2,2,2,2,2,2,3,2,3,2,2,2,2,3,Male
2,2,2,2,2,2,2,2,3,3,2,2,2,2,3,2,2,2,3,3,2,3,3,3,3,3,2,2,2,2,2,3,2,3,3,3,Male
2,1,1,4,3,4,4,4,3,3,3,2,1,1,2,2,4,4,1,3,3,3,3,2,1,0,3,1,3,3,3,2,3,4,4,4,Male
0,1,1,1,3,1,1,1,1,1,1,1,0,0,1,1,1,1,1,1,3,2,2,3,2,0,0,0,2,2,2,1,0,0,0,1,Male
2,2,2,2,2,2,2,2,2,2,2,2,2,2,2,2,2,2,2,2,2,2,2,2,2,2,2,2,2,2,2,2,2,2,2,2,Female
0,0,0,0,0,0,0,0,0,0,0,0,0,0,0,0,0,0,0,0,0,0,0,0,0,0,0,0,0,0,0,0,0,0,0,0,Female
1,1,1,1,0,0,0,0,1,0,0,0,0,0,2,2,0,0,2,2,0,0,0,0,0,4,3,2,2,2,2,2,1,1,1,1,Female
2,2,2,2,1,1,2,4,3,3,3,3,1,1,4,2,3,0,1,0,3,4,4,4,3,3,3,3,3,3,3,3,3,1,1,3,Female
3,3,3,2,2,2,1,1,4,4,4,3,2,0,1,0,1,0,0,4,2,3,2,4,4,4,2,4,0,1,2,2,3,4,4,3,Male
0,0,0,0,0,0,0,0,0,0,0,0,0,0,0,0,0,0,0,0,0,4,2,4,2,3,2,2,1,1,1,1,2,3,1,1,Male
2,2,2,3,1,1,2,2,2,3,1,1,1,1,3,1,1,2,1,3,2,1,3,3,2,3,3,2,2,2,3,2,3,3,3,3,Male
2,1,1,0,3,1,2,4,2,2,0,0,0,0,0,2,3,2,0,0,3,4,4,4,2,0,2,3,2,2,3,1,0,2,0,3,Male
1,1,2,1,1,1,2,1,2,1,2,2,2,1,2,1,1,1,2,2,1,1,1,1,3,3,2,2,2,2,2,1,1,0,0,1,Male
4,4,4,4,4,3,1,3,4,4,4,4,4,1,4,4,4,4,1,1,4,4,4,4,4,4,4,4,4,4,3,4,4,4,4,2,Male
2,3,3,3,3,2,3,3,3,3,2,2,3,2,4,3,2,3,3,3,2,3,4,3,2,3,3,3,3,3,3,3,4,3,3,3,Male
1,1,2,2,1,0,3,0,3,3,2,1,1,1,1,1,0,0,2,2,1,1,1,1,2,1,1,1,2,2,2,2,2,1,1,2,Male
1,1,1,1,0,0,0,0,0,0,0,0,0,0,3,2,1,1,1,1,1,1,1,1,3,3,3,4,1,1,1,1,2,2,2,2,Male
2,2,2,2,1,2,2,2,2,2,2,2,2,2,3,3,1,1,1,1,2,3,3,2,2,3,3,2,2,2,2,2,3,3,3,3,Female
3,3,4,3,4,3,4,3,2,4,3,3,3,3,3,3,3,3,3,2,1,1,1,3,3,3,2,4,2,4,3,2,3,4,2,3,Male
4,4,4,4,4,4,4,4,4,4,4,4,4,4,4,4,4,4,4,4,4,4,4,4,4,4,4,4,4,4,4,4,4,4,4,4,Male
2,3,3,2,2,4,2,3,3,3,2,2,3,2,3,3,3,3,2,2,4,4,4,4,3,2,2,2,2,3,3,2,3,1,1,1,Female
2,2,2,2,2,2,2,2,2,1,1,1,1,1,1,1,2,2,2,2,2,2,2,2,2,3,3,3,2,2,2,2,2,2,2,2,Male
2,2,2,2,2,2,2,2,2,2,2,2,2,2,2,2,2,2,2,2,2,2,2,2,2,2,2,2,2,2,2,2,2,2,2,2,Female
3,3,2,3,3,3,3,3,3,2,1,2,2,3,3,3,2,3,3,3,2,3,3,3,1,2,3,1,3,3,3,3,3,3,3,3,Female
2,2,2,2,1,2,2,2,2,2,2,2,2,2,3,3,1,1,1,1,2,3,3,2,2,3,3,2,2,2,2,2,3,3,3,3,Female
3,4,2,2,0,0,2,2,4,4,4,4,2,2,0,0,0,0,0,0,0,0,0,2,4,4,4,4,2,4,2,2,4,3,4,4,Male
3,3,3,3,3,3,3,3,3,3,2,2,2,2,3,3,3,3,3,3,2,3,3,3,2,2,2,2,3,2,2,3,3,3,3,3,Female
4,4,4,4,3,3,3,3,4,4,4,4,4,4,4,4,3,3,3,3,3,3,3,3,3,2,2,2,3,3,3,3,3,3,3,3,Male
2,2,2,2,2,2,2,2,2,2,2,2,2,2,2,2,1,1,1,1,1,2,2,2,3,3,3,2,2,2,2,2,2,2,2,2,Male
2,2,2,2,2,2,2,2,2,2,2,2,2,2,2,2,2,2,2,2,2,2,2,2,2,2,2,2,2,2,2,2,2,2,2,2,Male
3,3,3,3,3,3,3,3,3,3,3,3,2,3,3,3,3,3,3,3,3,3,3,3,1,2,2,1,3,3,3,3,4,4,3,3,Male
2,2,2,2,2,2,2,2,2,2,2,2,2,2,2,2,2,2,2,2,2,2,2,2,2,2,2,2,2,2,2,2,2,2,2,2,Male
2,2,2,2,2,2,2,2,2,2,2,2,2,2,2,2,2,2,2,2,2,2,2,2,2,2,2,1,2,2,2,2,2,2,2,2,Female
3,3,3,3,3,3,3,3,3,3,2,3,2,3,3,3,3,3,3,3,3,3,3,3,2,2,2,1,3,3,3,3,3,3,3,3,Male
2,2,3,3,2,2,2,2,3,3,3,3,3,2,3,3,2,2,2,2,2,2,3,3,3,2,3,2,2,3,3,3,3,2,3,3,Female
3,4,4,4,3,4,1,2,4,2,3,2,2,1,4,1,3,4,1,3,4,4,3,4,0,3,1,1,4,4,4,4,4,4,3,4,Female
4,3,3,2,3,3,3,3,4,3,2,3,3,3,3,3,3,3,3,3,3,4,3,3,1,2,2,0,3,3,3,3,4,4,3,3,Male
2,2,2,2,2,2,2,2,2,2,2,2,2,2,2,2,2,2,2,2,2,2,2,2,2,2,2,2,2,2,2,2,2,2,2,2,Female
3,3,3,3,3,3,3,3,3,3,3,3,2,3,3,3,3,3,3,3,2,3,3,3,1,2,2,1,3,3,3,3,4,4,3,3,Male
2,2,2,2,2,2,2,2,2,2,2,2,2,2,2,2,2,2,2,2,2,2,2,2,2,2,2,2,2,2,2,2,2,2,2,2,Male
2,2,2,2,2,2,2,2,2,2,2,2,2,2,2,2,2,2,2,2,2,2,2,2,2,2,2,2,2,2,2,2,2,2,2,2,Male
3,3,3,3,3,3,3,3,3,3,3,3,3,3,3,3,3,3,3,3,3,3,3,3,3,3,3,3,3,3,3,3,3,3,3,3,Male
2,2,2,2,2,2,2,2,2,2,2,2,2,2,2,2,2,2,2,2,2,2,2,2,2,2,2,2,2,2,2,2,2,2,2,2,Male
3,3,3,3,3,3,3,3,3,3,3,3,3,3,3,3,3,3,3,3,3,3,3,3,3,3,3,3,3,3,3,3,3,3,3,3,Male
2,3,3,3,3,3,3,3,3,3,3,3,3,3,3,3,3,3,3,3,3,3,3,3,3,3,3,3,3,3,3,3,3,3,3,3,Male
4,4,4,4,4,4,4,4,4,4,4,4,4,4,4,4,4,4,4,4,4,4,4,4,4,0,0,0,4,4,4,4,4,4,4,4,Female
3,3,3,3,2,3,4,4,4,4,4,3,3,4,4,3,2,4,4,3,3,4,4,4,3,3,4,1,2,2,3,4,3,2,4,4,Male
1,1,1,1,0,0,0,0,0,0,0,0,2,2,2,2,2,2,2,2,2,2,2,2,2,2,2,2,0,0,0,0,1,1,1,1,Female
2,2,2,2,2,2,2,2,2,2,2,2,2,2,2,2,2,2,2,2,2,2,2,2,2,2,2,2,2,2,2,2,2,2,2,2,Female
1,1,1,1,1,1,1,1,1,1,1,1,2,2,2,2,1,1,1,1,1,1,1,1,1,1,1,1,1,1,1,1,1,1,1,1,Male
2,2,3,3,0,1,2,3,3,3,3,3,2,2,2,2,0,0,0,0,2,2,2,2,2,2,2,2,2,2,2,2,2,2,2,2,Female
2,3,3,3,1,2,2,2,3,3,3,3,1,1,3,3,2,2,2,2,2,2,2,2,1,1,2,1,3,3,3,2,2,3,3,3,Female
1,2,1,4,0,2,2,3,2,3,3,3,0,0,4,2,3,2,2,0,3,4,4,4,2,4,4,2,2,1,2,0,0,2,0,0,Male
3,3,3,3,2,2,2,1,3,2,2,3,2,2,2,2,3,2,2,2,2,2,3,2,2,2,2,2,3,2,2,2,2,2,2,2,Male
2,2,2,2,2,2,2,2,2,2,2,2,2,2,2,2,2,2,2,2,2,2,2,2,2,2,2,2,2,2,2,2,2,2,2,2,Male
3,3,3,3,3,3,3,3,3,3,3,3,3,3,3,3,3,3,3,3,3,3,3,3,2,2,2,2,3,3,3,3,3,3,3,3,Female
1,1,1,1,1,0,2,0,3,2,1,2,2,1,3,1,1,0,2,1,1,0,1,1,1,3,4,2,1,0,2,2,1,1,1,1,Male
2,2,2,2,2,2,2,2,2,2,2,2,2,2,2,2,2,2,2,2,2,2,2,2,2,2,2,2,2,2,2,2,2,2,2,2,Male
3,3,3,3,3,3,3,3,3,2,2,2,2,3,2,2,3,2,2,3,2,3,2,3,2,2,2,1,3,3,3,3,3,3,3,3,Female
2,2,2,2,2,2,2,2,2,2,2,2,2,2,2,2,2,2,2,2,2,2,2,2,2,2,2,2,2,2,2,2,2,2,2,2,Female
2,2,2,2,2,2,2,2,2,2,2,2,2,2,2,2,2,2,2,2,2,2,2,2,2,2,2,2,2,2,2,2,2,2,2,2,Female
3,3,3,3,3,3,3,3,3,3,3,3,3,3,3,3,3,3,3,3,2,3,3,3,2,2,2,2,3,3,3,3,4,4,3,3,Male
4,3,3,4,4,4,3,3,4,4,4,4,3,3,3,4,1,3,3,3,3,3,3,3,2,2,1,0,4,4,3,3,3,4,3,3,Male
2,2,2,2,2,2,2,2,2,2,2,2,2,2,2,2,2,2,2,2,2,2,2,2,2,2,2,2,2,2,2,2,2,2,2,2,Female
3,3,3,3,3,3,3,3,3,3,2,2,3,3,3,3,3,3,3,3,3,3,3,3,2,2,2,2,3,3,3,3,3,3,3,3,Male
3,3,3,3,3,3,3,3,3,3,2,3,2,3,3,3,3,3,3,3,3,3,3,3,2,2,2,2,3,3,3,3,4,4,3,3,Male
3,3,3,3,3,3,3,3,3,3,2,2,2,3,3,3,2,3,2,3,2,3,3,3,2,2,2,2,3,3,3,3,3,3,3,3,Female
2,2,2,2,2,2,2,2,2,2,2,2,2,2,2,2,2,2,2,2,2,2,2,2,2,2,2,2,2,2,2,2,2,2,2,2,Female
2,2,2,2,2,2,2,2,2,2,2,2,2,2,2,2,2,2,2,2,2,2,2,2,2,2,2,2,2,2,2,2,2,2,2,2,Female
3,3,3,3,3,3,3,3,3,3,3,3,3,3,3,3,3,3,3,3,3,3,3,3,2,2,2,2,3,3,3,3,4,4,3,3,Male
2,2,2,2,2,2,2,2,2,2,2,2,2,2,2,2,2,2,2,2,2,2,2,2,2,2,2,2,2,2,2,2,2,2,2,2,Female
2,2,2,2,2,2,2,2,2,2,2,2,2,2,2,2,2,2,2,2,2,2,2,2,2,2,2,2,2,2,2,2,2,2,2,2,Female
2,2,2,2,2,2,2,2,2,2,2,2,2,2,2,2,2,2,2,2,2,2,2,2,2,2,2,2,2,2,2,2,2,2,2,2,Male
3,2,2,2,2,2,2,2,3,2,2,2,2,2,2,2,2,2,2,2,2,2,2,2,2,2,2,2,2,2,2,2,3,3,3,3,Male
3,3,3,3,3,3,3,3,3,3,2,3,2,3,3,3,3,3,3,3,2,3,3,3,2,2,2,2,3,3,3,3,4,4,4,4,Male
2,2,2,2,2,2,2,2,2,2,2,2,2,2,2,2,2,2,2,2,2,2,2,2,2,2,2,2,2,2,2,2,2,2,2,2,Male
3,2,2,2,2,2,2,2,3,2,2,2,2,2,2,2,2,2,2,2,2,2,2,2,2,2,2,2,2,2,2,2,3,3,2,2,Male
3,3,3,3,3,3,3,3,3,3,2,3,2,3,3,3,3,3,3,3,2,3,3,3,2,2,2,2,3,3,3,3,3,3,3,3,Male
3,3,3,3,3,3,3,3,3,3,3,3,2,3,3,3,2,3,3,3,2,3,3,3,2,2,2,2,3,3,3,3,4,4,3,3,Male
2,2,2,2,2,2,2,2,2,2,2,2,2,2,2,2,2,2,2,2,2,2,2,2,2,2,2,2,2,2,2,2,3,3,2,2,Male
2,2,2,2,2,2,2,2,2,2,2,2,2,2,2,2,2,2,2,2,2,2,2,2,2,2,2,2,2,2,2,2,2,2,2,2,Female
2,2,2,2,2,2,2,2,2,2,2,2,2,2,2,2,2,2,2,2,2,2,2,2,2,2,2,2,2,2,2,2,2,2,2,2,Female
2,2,2,2,2,2,2,2,2,2,2,2,2,2,2,2,2,2,2,2,2,2,2,2,2,2,2,2,2,2,2,2,2,2,2,2,Male
2,2,2,2,2,2,2,2,2,2,2,2,2,2,2,2,2,2,2,2,2,2,2,2,2,2,2,2,2,2,2,2,2,2,2,2,Female
2,2,2,2,2,2,2,2,3,2,1,2,2,3,2,2,2,3,2,2,2,3,2,2,2,2,2,2,2,2,2,2,3,3,2,2,Female
2,2,2,2,2,2,2,2,2,2,2,2,2,2,2,2,2,2,2,2,2,2,2,2,2,2,2,2,2,2,2,2,2,2,2,2,Male
2,2,2,2,2,2,2,2,2,2,2,2,2,2,2,2,2,2,2,2,2,2,2,2,2,2,2,2,2,2,2,2,2,2,2,2,Male
2,2,2,2,2,2,2,2,2,2,2,2,2,2,2,2,2,2,2,2,2,2,2,2,2,2,2,2,2,2,2,2,2,2,2,2,Male
3,3,3,3,3,3,3,3,3,3,3,3,2,3,3,3,3,3,3,3,3,3,3,3,2,2,2,2,3,3,3,3,3,3,3,3,Male
3,3,3,3,2,3,2,2,3,2,1,2,2,3,2,2,2,3,2,3,2,3,2,3,2,2,2,2,3,3,2,3,3,3,3,3,Female
2,2,2,2,2,2,2,2,2,2,2,2,2,2,2,2,2,2,2,2,2,2,2,2,2,2,2,2,2,2,2,2,2,2,2,2,Male
3,3,3,3,3,3,3,3,3,3,3,3,3,3,3,3,3,3,3,3,3,3,3,3,3,3,3,3,3,3,3,3,3,3,3,3,Male
4,4,4,4,4,4,4,4,4,4,4,4,4,4,4,4,4,4,4,4,4,4,4,4,4,0,0,1,4,4,4,4,4,4,4,4,Female
3,3,3,3,3,3,3,3,3,3,2,3,2,3,3,3,3,3,3,3,3,3,3,3,2,2,2,2,3,3,3,3,3,3,3,3,Male
3,3,3,3,3,3,3,3,3,3,2,3,3,3,3,3,3,3,3,3,2,3,3,3,2,2,2,2,3,3,3,3,3,3,3,3,Male
3,3,2,3,3,2,3,2,3,3,2,3,2,3,3,3,3,3,2,3,2,3,2,3,2,2,2,2,3,3,3,3,3,3,3,3,Female
2,2,2,2,2,2,2,2,2,2,2,2,2,2,2,2,2,2,2,2,2,2,2,2,2,2,2,2,2,2,2,2,2,2,2,2,Female
2,2,2,2,2,2,2,2,2,2,2,2,1,2,2,2,1,1,1,1,1,2,1,2,3,3,3,2,2,2,2,2,2,2,2,2,Male
3,3,3,3,3,3,3,3,3,3,2,3,2,3,3,3,3,3,3,3,2,3,3,3,2,2,2,2,3,3,3,3,3,3,3,3,Male
2,2,2,2,2,2,2,2,2,2,2,2,2,2,2,2,2,2,2,2,2,2,2,2,2,2,2,2,2,2,2,2,2,2,2,2,Male
3,3,2,3,3,3,3,3,3,3,2,3,2,3,3,3,3,3,3,3,3,3,3,3,1,2,2,1,3,3,3,3,3,3,3,3,Male
2,2,2,2,2,2,2,2,2,2,2,2,2,2,2,2,2,2,2,2,2,2,2,2,2,2,2,2,2,2,2,2,2,2,2,2,Female
2,2,2,2,2,2,2,2,2,2,2,2,2,2,2,2,2,2,2,2,2,2,2,2,2,2,2,2,2,2,2,2,2,2,2,2,Female
2,2,2,2,2,2,2,2,2,2,2,2,2,2,2,2,2,2,2,2,2,2,2,2,2,2,2,2,2,2,2,2,2,2,2,2,Male
2,2,2,2,2,2,2,2,2,2,2,2,2,2,2,2,2,2,2,2,2,2,2,2,2,2,2,2,2,2,2,2,2,2,2,2,Male
3,3,3,3,3,3,3,3,3,3,2,2,2,3,2,2,3,3,2,3,2,3,3,3,2,2,2,2,3,3,3,3,3,3,3,3,Male
2,2,2,2,2,2,2,2,2,2,2,2,2,2,2,2,2,2,2,2,2,2,2,2,2,2,2,2,2,2,2,2,2,2,2,2,Female
2,2,2,2,2,2,2,2,2,2,2,2,2,2,2,2,2,2,2,2,2,2,2,2,2,2,2,2,2,2,2,2,2,2,2,2,Female
3,3,3,3,3,3,3,3,3,3,3,3,2,3,3,3,3,3,3,3,3,3,3,3,2,2,2,2,3,3,3,3,3,3,3,3,Male
2,2,2,2,2,2,2,2,2,2,2,2,2,2,2,2,2,2,2,2,2,2,2,2,2,2,2,2,2,2,2,2,2,2,2,2,Female
2,2,2,2,2,2,2,2,2,2,2,2,2,2,2,2,2,2,2,2,2,2,2,2,2,2,2,2,2,2,2,2,2,2,2,2,Female
2,2,2,2,2,2,2,2,2,2,2,2,2,2,2,2,2,2,2,2,2,2,2,2,2,2,2,2,2,2,2,2,2,2,2,2,Male
2,2,2,2,2,2,2,2,2,2,2,2,2,2,2,2,2,2,2,2,2,2,2,2,2,2,2,2,2,2,2,2,2,2,2,2,Male
2,2,2,2,2,2,2,2,2,2,2,2,2,2,2,2,2,2,2,2,2,2,2,2,2,2,2,2,2,2,2,2,2,2,2,2,Male
2,2,2,2,2,2,2,2,2,2,2,2,2,2,2,2,2,2,2,2,2,2,2,2,2,2,2,2,2,2,2,2,2,2,2,2,Male
2,2,2,2,2,2,2,2,2,2,2,2,2,2,2,2,2,2,2,2,2,2,2,2,2,2,3,2,2,2,2,2,2,2,2,2,Male
2,2,2,2,2,2,2,2,2,2,2,2,2,2,2,2,2,2,2,2,2,2,2,2,2,2,2,2,2,2,2,2,2,2,2,2,Female
3,3,3,3,3,3,3,3,3,3,2,3,2,3,3,3,3,3,3,3,3,3,3,3,2,2,2,2,3,3,3,3,3,3,3,3,Male
2,2,2,2,2,2,2,2,2,2,2,2,2,2,2,2,2,2,2,2,2,2,2,2,2,2,2,2,2,2,2,2,2,2,2,2,Male
1,1,1,1,2,2,2,2,2,3,1,2,2,2,2,1,1,1,1,2,1,3,2,3,2,3,3,2,1,0,1,2,2,2,2,2,Female
2,2,2,2,2,2,2,2,2,2,2,2,2,2,2,2,2,2,2,2,2,2,2,2,2,2,2,2,2,2,2,2,2,2,2,2,Female
2,2,2,2,2,2,2,2,2,2,2,2,2,2,2,2,2,2,2,2,2,2,2,2,2,2,2,2,2,2,2,2,2,2,2,2,Female
2,2,2,2,1,2,2,2,2,2,2,2,1,2,2,2,1,1,1,1,2,3,2,2,2,3,3,2,2,2,2,2,2,2,2,2,Female
1,1,1,1,2,2,2,2,2,3,2,2,2,2,2,1,1,1,1,1,1,3,2,3,2,3,3,2,1,0,1,2,2,2,2,2,Female
1,1,1,1,1,2,2,2,2,2,2,2,2,2,3,2,1,1,1,1,1,3,3,2,2,3,3,2,1,0,1,2,2,2,2,2,Female
2,2,2,2,2,2,2,2,2,2,2,2,2,2,2,2,2,2,2,2,2,2,2,2,2,2,2,2,2,2,2,2,2,2,2,2,Female
2,2,2,2,2,2,2,2,2,2,2,2,1,1,1,1,1,1,1,1,1,1,1,1,2,2,2,2,2,2,2,2,2,1,2,2,Female
3,3,2,3,3,3,3,3,3,3,2,3,3,3,2,3,3,3,3,3,3,3,3,3,2,2,2,1,3,3,3,3,3,3,3,3,Female
3,3,3,3,3,3,3,3,3,3,3,3,2,3,3,3,3,3,3,3,2,2,3,3,2,2,2,2,3,3,3,2,3,3,3,3,Female
3,3,3,3,2,3,2,2,3,2,1,2,2,3,2,2,2,2,2,3,2,3,2,3,2,2,2,1,3,3,2,3,3,3,3,3,Female
2,2,2,2,2,2,2,2,2,2,2,2,2,2,2,2,2,2,2,2,2,2,2,2,2,2,2,2,2,2,2,2,2,2,2,2,Female
3,3,3,3,2,2,2,2,3,3,2,2,2,2,3,3,2,2,2,3,2,3,3,3,2,2,2,2,2,2,2,2,3,3,3,3,Female
3,3,3,3,3,3,3,3,3,2,2,2,2,3,2,2,2,2,2,3,2,3,2,3,2,2,2,1,3,3,3,3,3,3,3,3,Female
1,1,1,2,2,2,2,2,2,2,2,2,1,1,1,1,2,2,2,2,2,2,2,2,2,2,1,1,2,2,2,2,2,2,2,2,Female
3,3,2,3,3,2,3,2,3,3,2,3,2,3,3,3,3,3,2,3,2,3,2,3,2,2,2,2,3,3,3,3,3,3,3,3,Female
2,2,2,2,2,2,2,2,2,2,1,2,2,2,2,2,2,2,2,2,2,2,2,2,2,2,2,2,2,2,2,2,2,2,2,2,Female
3,3,2,3,3,2,2,2,3,3,2,3,2,2,3,3,3,3,2,3,2,3,2,3,2,2,2,2,3,3,3,3,3,3,3,3,Female
2,2,2,2,2,2,2,2,2,2,1,2,2,2,2,2,2,2,2,2,2,2,2,2,2,2,2,2,2,2,2,2,2,2,2,2,Female
2,3,3,2,1,2,2,2,2,2,2,2,2,2,3,1,1,2,1,2,1,2,2,2,2,2,2,2,2,2,1,2,2,2,2,3,Female
2,2,2,2,2,2,2,2,2,2,2,2,1,2,2,2,2,2,1,2,2,2,2,2,2,2,2,2,2,2,2,2,2,2,2,2,Female
1,1,1,2,1,1,1,1,2,2,2,2,1,1,2,1,1,2,1,2,1,1,1,1,2,3,3,2,1,1,1,1,2,2,2,2,Female
3,3,3,3,3,3,3,3,3,3,3,3,2,3,3,3,3,3,3,3,2,2,3,3,2,2,2,2,3,3,3,2,3,3,3,3,Female
2,2,2,2,2,2,2,2,2,2,2,2,2,2,2,2,2,2,2,2,2,2,2,2,2,2,2,2,2,2,2,2,2,2,2,2,Female
3,3,2,3,3,3,2,3,3,3,2,3,2,1,2,3,3,3,2,2,2,3,3,3,2,2,2,2,3,3,3,3,2,2,3,3,Female
2,2,2,3,2,2,2,2,3,3,2,3,2,2,3,3,2,2,2,2,2,2,3,3,2,2,2,2,2,3,3,3,3,2,3,3,Female
2,2,2,2,2,2,2,2,2,2,2,2,2,2,2,2,2,2,2,2,2,2,2,2,2,2,2,2,2,2,2,2,2,2,2,2,Female
1,2,2,2,2,1,1,2,2,2,2,2,2,2,3,2,1,2,0,2,2,2,2,2,1,2,2,2,2,1,2,2,2,1,1,1,Female
2,2,2,2,1,1,2,3,2,2,2,2,1,1,3,2,2,0,1,0,2,3,3,3,2,3,3,2,2,2,2,2,3,1,1,3,Female
3,3,2,3,3,3,3,3,3,3,2,3,2,3,3,3,3,3,2,3,2,3,3,3,2,2,2,2,3,3,3,3,3,3,3,3,Female
2,2,2,2,2,2,2,2,2,2,2,2,2,2,2,2,1,2,1,2,2,2,2,2,2,3,3,2,2,2,2,2,2,2,2,2,Female
3,3,3,3,2,3,2,2,3,2,1,2,2,3,2,2,2,3,2,3,2,3,2,3,2,2,2,2,3,3,2,3,3,3,3,3,Female
3,3,2,3,3,3,3,3,3,3,2,3,2,3,3,3,3,3,2,3,2,3,3,3,2,2,2,2,3,3,3,3,3,3,3,3,Female
3,2,2,3,3,2,2,2,3,3,2,3,2,3,3,3,3,3,3,3,2,3,3,3,2,2,2,2,3,3,3,3,3,3,3,3,Female
2,2,1,2,2,2,2,2,2,2,1,1,1,1,2,1,2,1,1,2,1,2,2,2,2,3,3,3,2,2,2,2,2,2,2,2,Female
2,2,1,1,2,2,2,2,3,2,1,2,2,2,1,2,2,3,2,2,2,3,2,2,2,2,2,2,2,2,2,2,3,3,2,2,Female
2,2,3,3,2,2,1,1,3,3,3,2,2,2,3,2,2,1,2,2,1,2,3,3,3,2,3,2,2,2,2,2,3,2,3,3,Female
2,2,2,2,2,2,2,2,2,2,2,2,2,2,2,2,2,2,2,2,2,2,2,2,2,2,2,2,2,2,2,2,2,2,2,2,Female
2,2,1,2,2,2,2,2,2,2,1,1,1,1,2,1,2,1,1,2,1,2,2,2,2,3,3,2,2,2,2,2,2,2,2,2,Female
0,0,0,1,0,0,0,0,0,0,0,0,0,1,1,0,1,0,0,1,0,0,0,0,0,0,0,0,0,0,0,0,0,0,0,0,Female
2,2,1,2,2,1,2,1,2,2,1,2,2,2,2,2,2,2,2,2,1,2,1,2,1,3,3,2,1,1,2,2,2,2,2,2,Female
2,2,2,2,2,2,2,2,2,2,2,2,2,2,2,2,2,2,2,2,2,2,2,2,2,2,2,2,2,2,2,2,2,2,2,2,Female
2,2,1,1,2,1,2,1,2,1,1,2,2,1,2,2,2,1,2,2,1,2,2,3,2,3,3,2,1,2,2,3,2,1,2,2,Female
3,3,2,3,3,2,3,2,3,3,2,3,2,3,3,3,3,3,2,3,2,3,2,3,2,2,2,1,3,3,3,3,3,3,3,3,Female
1,1,1,1,1,1,1,1,1,1,1,1,1,1,2,2,0,0,2,1,0,0,0,0,2,3,3,2,1,1,2,2,1,1,1,1,Female
2,2,2,2,2,2,2,2,2,2,2,2,2,2,2,2,2,2,2,2,2,2,2,2,2,2,2,2,2,2,2,2,2,2,2,2,Female
